title,content,displaytitle,category,resourcetype,resourcepopupimage,resourcepopupurl,filetitle,filetype,downloadablefile,externallink,audiopreview,previewonly,maindownload,note
nck_school_aw01.jpg,,nck_school_aw01.jpg,,image-file,http://10.96.20.193/PICS/nck_school_aw01.jpg,,,,,,,,,
nck_school_aw40.jpg,,nck_school_aw40.jpg,,image-file,http://10.96.20.193/PICS/nck_school_aw40.jpg,,,,,,,,,
nck_school_aw41.jpg,,nck_school_aw41.jpg,,image-file,http://10.96.20.193/PICS/nck_school_aw41.jpg,,,,,,,,,
nck_school_aw42.jpg,,nck_school_aw42.jpg,,image-file,http://10.96.20.193/PICS/nck_school_aw42.jpg,,,,,,,,,
nck_school_aw43.jpg,,nck_school_aw43.jpg,,image-file,http://10.96.20.193/PICS/nck_school_aw43.jpg,,,,,,,,,
nck_school_aw44.jpg,,nck_school_aw44.jpg,,image-file,http://10.96.20.193/PICS/nck_school_aw44.jpg,,,,,,,,,
nck_school_aw45.jpg,,nck_school_aw45.jpg,,image-file,http://10.96.20.193/PICS/nck_school_aw45.jpg,,,,,,,,,
nck_school_aw46.jpg,,nck_school_aw46.jpg,,image-file,http://10.96.20.193/PICS/nck_school_aw46.jpg,,,,,,,,,
nck_school_aw47.jpg,,nck_school_aw47.jpg,,image-file,http://10.96.20.193/PICS/nck_school_aw47.jpg,,,,,,,,,
nck_school_aw48.jpg,,nck_school_aw48.jpg,,image-file,http://10.96.20.193/PICS/nck_school_aw48.jpg,,,,,,,,,
nck_school_aw49.jpg,,nck_school_aw49.jpg,,image-file,http://10.96.20.193/PICS/nck_school_aw49.jpg,,,,,,,,,
nck_school_aw50.jpg,,nck_school_aw50.jpg,,image-file,http://10.96.20.193/PICS/nck_school_aw50.jpg,,,,,,,,,
nck_school_aw51.jpg,,nck_school_aw51.jpg,,image-file,http://10.96.20.193/PICS/nck_school_aw51.jpg,,,,,,,,,
nck_school_aw52.jpg,,nck_school_aw52.jpg,,image-file,http://10.96.20.193/PICS/nck_school_aw52.jpg,,,,,,,,,
nck_school_aw53.jpg,,nck_school_aw53.jpg,,image-file,http://10.96.20.193/PICS/nck_school_aw53.jpg,,,,,,,,,
nck_school_aw54.jpg,,nck_school_aw54.jpg,,image-file,http://10.96.20.193/PICS/nck_school_aw54.jpg,,,,,,,,,
nck_school_aw55.jpg,,nck_school_aw55.jpg,,image-file,http://10.96.20.193/PICS/nck_school_aw55.jpg,,,,,,,,,
nck_school_aw56.jpg,,nck_school_aw56.jpg,,image-file,http://10.96.20.193/PICS/nck_school_aw56.jpg,,,,,,,,,
nck_school_aw57.jpg,,nck_school_aw57.jpg,,image-file,http://10.96.20.193/PICS/nck_school_aw57.jpg,,,,,,,,,
nck_school_aw58.jpg,,nck_school_aw58.jpg,,image-file,http://10.96.20.193/PICS/nck_school_aw58.jpg,,,,,,,,,
nck_school_aw59.jpg,,nck_school_aw59.jpg,,image-file,http://10.96.20.193/PICS/nck_school_aw59.jpg,,,,,,,,,
nck_school_aw60.jpg,,nck_school_aw60.jpg,,image-file,http://10.96.20.193/PICS/nck_school_aw60.jpg,,,,,,,,,
nck_school_aw61.jpg,,nck_school_aw61.jpg,,image-file,http://10.96.20.193/PICS/nck_school_aw61.jpg,,,,,,,,,
nck_school_aw62.jpg,,nck_school_aw62.jpg,,image-file,http://10.96.20.193/PICS/nck_school_aw62.jpg,,,,,,,,,
nck_school_aw63.jpg,,nck_school_aw63.jpg,,image-file,http://10.96.20.193/PICS/nck_school_aw63.jpg,,,,,,,,,
nck_school_aw64.jpg,,nck_school_aw64.jpg,,image-file,http://10.96.20.193/PICS/nck_school_aw64.jpg,,,,,,,,,
nck_school_aw65.jpg,,nck_school_aw65.jpg,,image-file,http://10.96.20.193/PICS/nck_school_aw65.jpg,,,,,,,,,
nck_school_aw66.jpg,,nck_school_aw66.jpg,,image-file,http://10.96.20.193/PICS/nck_school_aw66.jpg,,,,,,,,,
nck_school_aw67.jpg,,nck_school_aw67.jpg,,image-file,http://10.96.20.193/PICS/nck_school_aw67.jpg,,,,,,,,,
nck_school_bl01.jpg,,nck_school_bl01.jpg,,image-file,http://10.96.20.193/PICS/nck_school_bl01.jpg,,,,,,,,,
nck_school_bl02.jpg,,nck_school_bl02.jpg,,image-file,http://10.96.20.193/PICS/nck_school_bl02.jpg,,,,,,,,,
nck_school_bl03.jpg,,nck_school_bl03.jpg,,image-file,http://10.96.20.193/PICS/nck_school_bl03.jpg,,,,,,,,,
nck_school_bl04.jpg,,nck_school_bl04.jpg,,image-file,http://10.96.20.193/PICS/nck_school_bl04.jpg,,,,,,,,,
nck_school_bl05.jpg,,nck_school_bl05.jpg,,image-file,http://10.96.20.193/PICS/nck_school_bl05.jpg,,,,,,,,,
nck_school_bl06.jpg,,nck_school_bl06.jpg,,image-file,http://10.96.20.193/PICS/nck_school_bl06.jpg,,,,,,,,,
nck_school_bl07.jpg,,nck_school_bl07.jpg,,image-file,http://10.96.20.193/PICS/nck_school_bl07.jpg,,,,,,,,,
nck_school_bl08.jpg,,nck_school_bl08.jpg,,image-file,http://10.96.20.193/PICS/nck_school_bl08.jpg,,,,,,,,,
nck_school_bl09.jpg,,nck_school_bl09.jpg,,image-file,http://10.96.20.193/PICS/nck_school_bl09.jpg,,,,,,,,,
nck_school_bl10.jpg,,nck_school_bl10.jpg,,image-file,http://10.96.20.193/PICS/nck_school_bl10.jpg,,,,,,,,,
nck_school_bl11.jpg,,nck_school_bl11.jpg,,image-file,http://10.96.20.193/PICS/nck_school_bl11.jpg,,,,,,,,,
nck_school_bl12.jpg,,nck_school_bl12.jpg,,image-file,http://10.96.20.193/PICS/nck_school_bl12.jpg,,,,,,,,,
nck_school_bl13.jpg,,nck_school_bl13.jpg,,image-file,http://10.96.20.193/PICS/nck_school_bl13.jpg,,,,,,,,,
nck_school_bl14.jpg,,nck_school_bl14.jpg,,image-file,http://10.96.20.193/PICS/nck_school_bl14.jpg,,,,,,,,,
nck_school_bl15.jpg,,nck_school_bl15.jpg,,image-file,http://10.96.20.193/PICS/nck_school_bl15.jpg,,,,,,,,,
nck_school_bl16.jpg,,nck_school_bl16.jpg,,image-file,http://10.96.20.193/PICS/nck_school_bl16.jpg,,,,,,,,,
nck_school_bl17.jpg,,nck_school_bl17.jpg,,image-file,http://10.96.20.193/PICS/nck_school_bl17.jpg,,,,,,,,,
nck_school_bl18.jpg,,nck_school_bl18.jpg,,image-file,http://10.96.20.193/PICS/nck_school_bl18.jpg,,,,,,,,,
nck_school_bl19.jpg,,nck_school_bl19.jpg,,image-file,http://10.96.20.193/PICS/nck_school_bl19.jpg,,,,,,,,,
nck_school_bl20.jpg,,nck_school_bl20.jpg,,image-file,http://10.96.20.193/PICS/nck_school_bl20.jpg,,,,,,,,,
nck_school_bl21.jpg,,nck_school_bl21.jpg,,image-file,http://10.96.20.193/PICS/nck_school_bl21.jpg,,,,,,,,,
nck_school_bl22.jpg,,nck_school_bl22.jpg,,image-file,http://10.96.20.193/PICS/nck_school_bl22.jpg,,,,,,,,,
nck_school_bl23.jpg,,nck_school_bl23.jpg,,image-file,http://10.96.20.193/PICS/nck_school_bl23.jpg,,,,,,,,,
nck_school_bl24.jpg,,nck_school_bl24.jpg,,image-file,http://10.96.20.193/PICS/nck_school_bl24.jpg,,,,,,,,,
nck_school_bl25.jpg,,nck_school_bl25.jpg,,image-file,http://10.96.20.193/PICS/nck_school_bl25.jpg,,,,,,,,,
nck_school_bl26.jpg,,nck_school_bl26.jpg,,image-file,http://10.96.20.193/PICS/nck_school_bl26.jpg,,,,,,,,,
nck_school_bl27.jpg,,nck_school_bl27.jpg,,image-file,http://10.96.20.193/PICS/nck_school_bl27.jpg,,,,,,,,,
nck_school_bl28.jpg,,nck_school_bl28.jpg,,image-file,http://10.96.20.193/PICS/nck_school_bl28.jpg,,,,,,,,,
nck_school_bl29.jpg,,nck_school_bl29.jpg,,image-file,http://10.96.20.193/PICS/nck_school_bl29.jpg,,,,,,,,,
nck_school_bl30.jpg,,nck_school_bl30.jpg,,image-file,http://10.96.20.193/PICS/nck_school_bl30.jpg,,,,,,,,,
nck_school_bl31.jpg,,nck_school_bl31.jpg,,image-file,http://10.96.20.193/PICS/nck_school_bl31.jpg,,,,,,,,,
nck_school_bl32.jpg,,nck_school_bl32.jpg,,image-file,http://10.96.20.193/PICS/nck_school_bl32.jpg,,,,,,,,,
nck_school_bl33.jpg,,nck_school_bl33.jpg,,image-file,http://10.96.20.193/PICS/nck_school_bl33.jpg,,,,,,,,,
nck_school_bl34.jpg,,nck_school_bl34.jpg,,image-file,http://10.96.20.193/PICS/nck_school_bl34.jpg,,,,,,,,,
nck_school_bl35.jpg,,nck_school_bl35.jpg,,image-file,http://10.96.20.193/PICS/nck_school_bl35.jpg,,,,,,,,,
nck_school_bl36.jpg,,nck_school_bl36.jpg,,image-file,http://10.96.20.193/PICS/nck_school_bl36.jpg,,,,,,,,,
nck_school_bl37.jpg,,nck_school_bl37.jpg,,image-file,http://10.96.20.193/PICS/nck_school_bl37.jpg,,,,,,,,,
nck_school_bl38.jpg,,nck_school_bl38.jpg,,image-file,http://10.96.20.193/PICS/nck_school_bl38.jpg,,,,,,,,,
nck_school_bl39.jpg,,nck_school_bl39.jpg,,image-file,http://10.96.20.193/PICS/nck_school_bl39.jpg,,,,,,,,,
nck_school_bl40.jpg,,nck_school_bl40.jpg,,image-file,http://10.96.20.193/PICS/nck_school_bl40.jpg,,,,,,,,,
nck_school_bl41.jpg,,nck_school_bl41.jpg,,image-file,http://10.96.20.193/PICS/nck_school_bl41.jpg,,,,,,,,,
nck_school_bl42.jpg,,nck_school_bl42.jpg,,image-file,http://10.96.20.193/PICS/nck_school_bl42.jpg,,,,,,,,,
nck_school_bl43.jpg,,nck_school_bl43.jpg,,image-file,http://10.96.20.193/PICS/nck_school_bl43.jpg,,,,,,,,,
nck_school_bl44.jpg,,nck_school_bl44.jpg,,image-file,http://10.96.20.193/PICS/nck_school_bl44.jpg,,,,,,,,,
nck_school_bl45.jpg,,nck_school_bl45.jpg,,image-file,http://10.96.20.193/PICS/nck_school_bl45.jpg,,,,,,,,,
nck_school_bl46.jpg,,nck_school_bl46.jpg,,image-file,http://10.96.20.193/PICS/nck_school_bl46.jpg,,,,,,,,,
nck_school_bl47.jpg,,nck_school_bl47.jpg,,image-file,http://10.96.20.193/PICS/nck_school_bl47.jpg,,,,,,,,,
nck_school_bl48.jpg,,nck_school_bl48.jpg,,image-file,http://10.96.20.193/PICS/nck_school_bl48.jpg,,,,,,,,,
nck_school_bl49.jpg,,nck_school_bl49.jpg,,image-file,http://10.96.20.193/PICS/nck_school_bl49.jpg,,,,,,,,,
nck_school_bl50.jpg,,nck_school_bl50.jpg,,image-file,http://10.96.20.193/PICS/nck_school_bl50.jpg,,,,,,,,,
nck_school_bl51.jpg,,nck_school_bl51.jpg,,image-file,http://10.96.20.193/PICS/nck_school_bl51.jpg,,,,,,,,,
nck_school_bl52.jpg,,nck_school_bl52.jpg,,image-file,http://10.96.20.193/PICS/nck_school_bl52.jpg,,,,,,,,,
nck_school_bl53.jpg,,nck_school_bl53.jpg,,image-file,http://10.96.20.193/PICS/nck_school_bl53.jpg,,,,,,,,,
nck_school_bl54.jpg,,nck_school_bl54.jpg,,image-file,http://10.96.20.193/PICS/nck_school_bl54.jpg,,,,,,,,,
nck_school_bl55.jpg,,nck_school_bl55.jpg,,image-file,http://10.96.20.193/PICS/nck_school_bl55.jpg,,,,,,,,,
nck_school_bl56.jpg,,nck_school_bl56.jpg,,image-file,http://10.96.20.193/PICS/nck_school_bl56.jpg,,,,,,,,,
nck_school_bl58.jpg,,nck_school_bl58.jpg,,image-file,http://10.96.20.193/PICS/nck_school_bl58.jpg,,,,,,,,,
nck_school_bl59.jpg,,nck_school_bl59.jpg,,image-file,http://10.96.20.193/PICS/nck_school_bl59.jpg,,,,,,,,,
nck_school_bl60.jpg,,nck_school_bl60.jpg,,image-file,http://10.96.20.193/PICS/nck_school_bl60.jpg,,,,,,,,,
nck_school_bl61.jpg,,nck_school_bl61.jpg,,image-file,http://10.96.20.193/PICS/nck_school_bl61.jpg,,,,,,,,,
nck_school_bl62.jpg,,nck_school_bl62.jpg,,image-file,http://10.96.20.193/PICS/nck_school_bl62.jpg,,,,,,,,,
nck_school_bl63.jpg,,nck_school_bl63.jpg,,image-file,http://10.96.20.193/PICS/nck_school_bl63.jpg,,,,,,,,,
nck_school_bl64.jpg,,nck_school_bl64.jpg,,image-file,http://10.96.20.193/PICS/nck_school_bl64.jpg,,,,,,,,,
nck_school_bl65.jpg,,nck_school_bl65.jpg,,image-file,http://10.96.20.193/PICS/nck_school_bl65.jpg,,,,,,,,,
nck_school_bl67.jpg,,nck_school_bl67.jpg,,image-file,http://10.96.20.193/PICS/nck_school_bl67.jpg,,,,,,,,,
nck_school_bl68.jpg,,nck_school_bl68.jpg,,image-file,http://10.96.20.193/PICS/nck_school_bl68.jpg,,,,,,,,,
nck_school_bl69.jpg,,nck_school_bl69.jpg,,image-file,http://10.96.20.193/PICS/nck_school_bl69.jpg,,,,,,,,,
nck_school_bl70.jpg,,nck_school_bl70.jpg,,image-file,http://10.96.20.193/PICS/nck_school_bl70.jpg,,,,,,,,,
nck_school_bl71.jpg,,nck_school_bl71.jpg,,image-file,http://10.96.20.193/PICS/nck_school_bl71.jpg,,,,,,,,,
nck_school_bl72.jpg,,nck_school_bl72.jpg,,image-file,http://10.96.20.193/PICS/nck_school_bl72.jpg,,,,,,,,,
nck_school_bl73.jpg,,nck_school_bl73.jpg,,image-file,http://10.96.20.193/PICS/nck_school_bl73.jpg,,,,,,,,,
nck_school_bl74.jpg,,nck_school_bl74.jpg,,image-file,http://10.96.20.193/PICS/nck_school_bl74.jpg,,,,,,,,,
nck_school_bl75.jpg,,nck_school_bl75.jpg,,image-file,http://10.96.20.193/PICS/nck_school_bl75.jpg,,,,,,,,,
nck_school_bl76.jpg,,nck_school_bl76.jpg,,image-file,http://10.96.20.193/PICS/nck_school_bl76.jpg,,,,,,,,,
nck_school_bl77.jpg,,nck_school_bl77.jpg,,image-file,http://10.96.20.193/PICS/nck_school_bl77.jpg,,,,,,,,,
nck_school_bl78.jpg,,nck_school_bl78.jpg,,image-file,http://10.96.20.193/PICS/nck_school_bl78.jpg,,,,,,,,,
nck_school_bl79.jpg,,nck_school_bl79.jpg,,image-file,http://10.96.20.193/PICS/nck_school_bl79.jpg,,,,,,,,,
nck_school_bl80.jpg,,nck_school_bl80.jpg,,image-file,http://10.96.20.193/PICS/nck_school_bl80.jpg,,,,,,,,,
nck_school_bl81.jpg,,nck_school_bl81.jpg,,image-file,http://10.96.20.193/PICS/nck_school_bl81.jpg,,,,,,,,,
nck_school_bl82.jpg,,nck_school_bl82.jpg,,image-file,http://10.96.20.193/PICS/nck_school_bl82.jpg,,,,,,,,,
nck_school_bl83.jpg,,nck_school_bl83.jpg,,image-file,http://10.96.20.193/PICS/nck_school_bl83.jpg,,,,,,,,,
nck_school_bl84.jpg,,nck_school_bl84.jpg,,image-file,http://10.96.20.193/PICS/nck_school_bl84.jpg,,,,,,,,,
nck_school_bl85.jpg,,nck_school_bl85.jpg,,image-file,http://10.96.20.193/PICS/nck_school_bl85.jpg,,,,,,,,,
nck_self_aw01.jpg,,nck_self_aw01.jpg,,image-file,http://10.96.20.193/PICS/nck_self_aw01.jpg,,,,,,,,,
nck_self_aw02.jpg,,nck_self_aw02.jpg,,image-file,http://10.96.20.193/PICS/nck_self_aw02.jpg,,,,,,,,,
nck_self_aw03.jpg,,nck_self_aw03.jpg,,image-file,http://10.96.20.193/PICS/nck_self_aw03.jpg,,,,,,,,,
nck_self_aw04.jpg,,nck_self_aw04.jpg,,image-file,http://10.96.20.193/PICS/nck_self_aw04.jpg,,,,,,,,,
nck_self_aw05.jpg,,nck_self_aw05.jpg,,image-file,http://10.96.20.193/PICS/nck_self_aw05.jpg,,,,,,,,,
nck_self_aw06.jpg,,nck_self_aw06.jpg,,image-file,http://10.96.20.193/PICS/nck_self_aw06.jpg,,,,,,,,,
nck_self_aw07.jpg,,nck_self_aw07.jpg,,image-file,http://10.96.20.193/PICS/nck_self_aw07.jpg,,,,,,,,,
nck_self_aw08.jpg,,nck_self_aw08.jpg,,image-file,http://10.96.20.193/PICS/nck_self_aw08.jpg,,,,,,,,,
nck_self_aw09.jpg,,nck_self_aw09.jpg,,image-file,http://10.96.20.193/PICS/nck_self_aw09.jpg,,,,,,,,,
nck_self_aw10.jpg,,nck_self_aw10.jpg,,image-file,http://10.96.20.193/PICS/nck_self_aw10.jpg,,,,,,,,,
nck_self_aw11.jpg,,nck_self_aw11.jpg,,image-file,http://10.96.20.193/PICS/nck_self_aw11.jpg,,,,,,,,,
nck_self_aw12.jpg,,nck_self_aw12.jpg,,image-file,http://10.96.20.193/PICS/nck_self_aw12.jpg,,,,,,,,,
nck_self_aw13.jpg,,nck_self_aw13.jpg,,image-file,http://10.96.20.193/PICS/nck_self_aw13.jpg,,,,,,,,,
nck_self_bl01.jpg,,nck_self_bl01.jpg,,image-file,http://10.96.20.193/PICS/nck_self_bl01.jpg,,,,,,,,,
nck_self_bl02.jpg,,nck_self_bl02.jpg,,image-file,http://10.96.20.193/PICS/nck_self_bl02.jpg,,,,,,,,,
nck_self_bl03.jpg,,nck_self_bl03.jpg,,image-file,http://10.96.20.193/PICS/nck_self_bl03.jpg,,,,,,,,,
nck_self_bl04.jpg,,nck_self_bl04.jpg,,image-file,http://10.96.20.193/PICS/nck_self_bl04.jpg,,,,,,,,,
nck_self_bl05.jpg,,nck_self_bl05.jpg,,image-file,http://10.96.20.193/PICS/nck_self_bl05.jpg,,,,,,,,,
nck_self_bl06.jpg,,nck_self_bl06.jpg,,image-file,http://10.96.20.193/PICS/nck_self_bl06.jpg,,,,,,,,,
nck_self_bl07.jpg,,nck_self_bl07.jpg,,image-file,http://10.96.20.193/PICS/nck_self_bl07.jpg,,,,,,,,,
nck_self_bl08.jpg,,nck_self_bl08.jpg,,image-file,http://10.96.20.193/PICS/nck_self_bl08.jpg,,,,,,,,,
nck_self_bl09.jpg,,nck_self_bl09.jpg,,image-file,http://10.96.20.193/PICS/nck_self_bl09.jpg,,,,,,,,,
nck_self_bl10.jpg,,nck_self_bl10.jpg,,image-file,http://10.96.20.193/PICS/nck_self_bl10.jpg,,,,,,,,,
nck_self_bl11.jpg,,nck_self_bl11.jpg,,image-file,http://10.96.20.193/PICS/nck_self_bl11.jpg,,,,,,,,,
nck_self_bl12.jpg,,nck_self_bl12.jpg,,image-file,http://10.96.20.193/PICS/nck_self_bl12.jpg,,,,,,,,,
nck_self_bl13.jpg,,nck_self_bl13.jpg,,image-file,http://10.96.20.193/PICS/nck_self_bl13.jpg,,,,,,,,,
nck_self_bl14.jpg,,nck_self_bl14.jpg,,image-file,http://10.96.20.193/PICS/nck_self_bl14.jpg,,,,,,,,,
nck_self_bl15.jpg,,nck_self_bl15.jpg,,image-file,http://10.96.20.193/PICS/nck_self_bl15.jpg,,,,,,,,,
nck_self_bl16.jpg,,nck_self_bl16.jpg,,image-file,http://10.96.20.193/PICS/nck_self_bl16.jpg,,,,,,,,,
nck_self_bl17.jpg,,nck_self_bl17.jpg,,image-file,http://10.96.20.193/PICS/nck_self_bl17.jpg,,,,,,,,,
nck_self_bl18.jpg,,nck_self_bl18.jpg,,image-file,http://10.96.20.193/PICS/nck_self_bl18.jpg,,,,,,,,,
nck_self_bl19.jpg,,nck_self_bl19.jpg,,image-file,http://10.96.20.193/PICS/nck_self_bl19.jpg,,,,,,,,,
nck_self_bl20.jpg,,nck_self_bl20.jpg,,image-file,http://10.96.20.193/PICS/nck_self_bl20.jpg,,,,,,,,,
nck_self_bl21.jpg,,nck_self_bl21.jpg,,image-file,http://10.96.20.193/PICS/nck_self_bl21.jpg,,,,,,,,,
nck_self_bl22.jpg,,nck_self_bl22.jpg,,image-file,http://10.96.20.193/PICS/nck_self_bl22.jpg,,,,,,,,,
nck_self_bl23.jpg,,nck_self_bl23.jpg,,image-file,http://10.96.20.193/PICS/nck_self_bl23.jpg,,,,,,,,,
nck_self_bl24.jpg,,nck_self_bl24.jpg,,image-file,http://10.96.20.193/PICS/nck_self_bl24.jpg,,,,,,,,,
nck_self_bl25.jpg,,nck_self_bl25.jpg,,image-file,http://10.96.20.193/PICS/nck_self_bl25.jpg,,,,,,,,,
nck_self_bl26.jpg,,nck_self_bl26.jpg,,image-file,http://10.96.20.193/PICS/nck_self_bl26.jpg,,,,,,,,,
nck_self_bl27.jpg,,nck_self_bl27.jpg,,image-file,http://10.96.20.193/PICS/nck_self_bl27.jpg,,,,,,,,,
nck_self_bl28.jpg,,nck_self_bl28.jpg,,image-file,http://10.96.20.193/PICS/nck_self_bl28.jpg,,,,,,,,,
nck_self_bl29.jpg,,nck_self_bl29.jpg,,image-file,http://10.96.20.193/PICS/nck_self_bl29.jpg,,,,,,,,,
nck_self_bl30.jpg,,nck_self_bl30.jpg,,image-file,http://10.96.20.193/PICS/nck_self_bl30.jpg,,,,,,,,,
nck_self_bl31.jpg,,nck_self_bl31.jpg,,image-file,http://10.96.20.193/PICS/nck_self_bl31.jpg,,,,,,,,,
nck_self_bl32.jpg,,nck_self_bl32.jpg,,image-file,http://10.96.20.193/PICS/nck_self_bl32.jpg,,,,,,,,,
nck_self_bl33.jpg,,nck_self_bl33.jpg,,image-file,http://10.96.20.193/PICS/nck_self_bl33.jpg,,,,,,,,,
nck_self_bl34.jpg,,nck_self_bl34.jpg,,image-file,http://10.96.20.193/PICS/nck_self_bl34.jpg,,,,,,,,,
nck_self_bl35.jpg,,nck_self_bl35.jpg,,image-file,http://10.96.20.193/PICS/nck_self_bl35.jpg,,,,,,,,,